=IMAGE("https://i.ebayimg.com/thumbs/images/g/jf0AAOSw5i5apnFR/s-l225.jpg";2)
=IMAGE("https://i.ebayimg.com/thumbs/images/m/m2cGvOp3qmq-3z9DydXtu1Q/s-l225.jpg";2)
=IMAGE("https://i.ebayimg.com/thumbs/images/m/mfQ-XoVvVU16XcxSV9j90cg/s-l225.jpg";2)
=IMAGE("https://i.ebayimg.com/thumbs/images/m/mSD1P8FZFSiJfp4k9-pjT7w/s-l225.jpg";2)
=IMAGE("https://i.ebayimg.com/thumbs/images/g/XNUAAOSw~jJaoUez/s-l225.jpg";2)
=IMAGE("https://i.ebayimg.com/thumbs/images/m/msa81OzHpvkOqpKE4lrr8oA/s-l225.jpg";2)
=IMAGE("https://i.ebayimg.com/thumbs/images/m/mzlFvksDZvsKV-zhjqalWBg/s-l225.jpg";2)
=IMAGE("https://i.ebayimg.com/thumbs/images/m/mK10x90OfDWxrRdEI5kdJ8w/s-l225.jpg";2)
=IMAGE("https://i.ebayimg.com/thumbs/images/g/rG4AAOSwGzxZfjg0/s-l225.jpg";2)
=IMAGE("https://i.ebayimg.com/thumbs/images/g/Ag4AAOSweW5VRiuy/s-l225.jpg";2)
=IMAGE("https://i.ebayimg.com/thumbs/images/g/UzQAAOSw-RFabqka/s-l225.jpg";2)
=IMAGE("https://i.ebayimg.com/thumbs/images/g/0jcAAOSwridaPDHH/s-l225.jpg";2)
=IMAGE("https://i.ebayimg.com/thumbs/images/m/mzlFvksDZvsKV-zhjqalWBg/s-l225.jpg";2)
=IMAGE("https://i.ebayimg.com/thumbs/images/m/m75C6f2SfhQ8Zxvotm5pD0A/s-l225.jpg";2)
=IMAGE("https://i.ebayimg.com/thumbs/images/m/mLl37-icKckD1xZAMfuQYPw/s-l225.jpg";2)
=IMAGE("https://i.ebayimg.com/thumbs/images/m/mitmKZKc-LBbFvfH-ZqPqXw/s-l225.jpg";2)
=IMAGE("https://i.ebayimg.com/thumbs/images/m/mbd8oaWb5N1goEJvVNLjCHQ/s-l225.jpg";2)
=IMAGE("https://i.ebayimg.com/thumbs/images/m/mfp-pyoDNH1UfoKllPRdCjA/s-l225.jpg";2)
=IMAGE("https://i.ebayimg.com/thumbs/images/m/m69q9MbNNla3QJdSkNDK9Ug/s-l225.jpg";2)
=IMAGE("https://i.ebayimg.com/thumbs/images/g/PWcAAOSwTyJajNr3/s-l225.jpg";2)
=IMAGE("https://i.ebayimg.com/thumbs/images/g/fUcAAOSwjXNaiZOo/s-l225.jpg";2)
=IMAGE("https://i.ebayimg.com/thumbs/images/g/eXIAAOSwBV5aXiQA/s-l225.jpg";2)
=IMAGE("https://i.ebayimg.com/thumbs/images/m/mXCw4dIb42slRbDm0KCkeSQ/s-l225.jpg";2)
=IMAGE("https://i.ebayimg.com/thumbs/images/g/JGIAAOSw0O5aK-TK/s-l225.jpg";2)
=IMAGE("https://i.ebayimg.com/thumbs/images/m/mDfxGL0gueWDldqSvrZ1FCA/s-l225.jpg";2)
=IMAGE("https://i.ebayimg.com/thumbs/images/m/moaHBxLzA3Y3RbPonyPlFJQ/s-l225.jpg";2)
=IMAGE("https://i.ebayimg.com/thumbs/images/g/NCgAAOSwndZahXFf/s-l225.jpg";2)
=IMAGE("https://i.ebayimg.com/thumbs/images/m/msvowJ9pcmiByAqWfUx9HyA/s-l225.jpg";2)
=IMAGE("https://i.ebayimg.com/thumbs/images/g/EjMAAOSwbP1ac6c2/s-l225.jpg";2)
=IMAGE("https://i.ebayimg.com/thumbs/images/g/p6IAAOSwYZ9ZmcRU/s-l225.jpg";2)
=IMAGE("https://i.ebayimg.com/thumbs/images/m/mgnX2LYabmKjmnGUYMTq41w/s-l225.jpg";2)
=IMAGE("https://i.ebayimg.com/thumbs/images/g/zK8AAOSwgddamFBa/s-l225.jpg";2)
=IMAGE("https://i.ebayimg.com/thumbs/images/m/msa81OzHpvkOqpKE4lrr8oA/s-l225.jpg";2)
=IMAGE("https://i.ebayimg.com/thumbs/images/g/jRIAAOSwopRYlL7w/s-l225.jpg";2)
=IMAGE("https://i.ebayimg.com/thumbs/images/g/ztYAAOSwO11alDOw/s-l225.jpg";2)
=IMAGE("https://i.ebayimg.com/thumbs/images/m/mtL4ZSnuJdZqxwSs9BiyPtw/s-l225.jpg";2)
=IMAGE("https://i.ebayimg.com/thumbs/images/m/m2wEDIy-wUDPPFpLJpa6tIA/s-l225.jpg";2)
=IMAGE("https://i.ebayimg.com/thumbs/images/m/mdNhJSlu909tur_IHFBgSdw/s-l225.jpg";2)
=IMAGE("https://i.ebayimg.com/thumbs/images/m/mAZ15Rl-27mLGewLHHaTrGQ/s-l225.jpg";2)
=IMAGE("https://i.ebayimg.com/thumbs/images/m/mj4c7D1ilzLDUzfDJl_hn9g/s-l225.jpg";2)
=IMAGE("https://i.ebayimg.com/thumbs/images/m/mORrwOaWlOLDjn2ST1-iLGg/s-l225.jpg";2)
=IMAGE("https://i.ebayimg.com/thumbs/images/m/m4-X2ZO1gI2MRzxdxPohVgA/s-l225.jpg";2)
=IMAGE("https://i.ebayimg.com/thumbs/images/m/miRHBAIyoSj5_PijHAp6E8w/s-l225.jpg";2)
=IMAGE("https://i.ebayimg.com/thumbs/images/g/Sk4AAOSwKJFaoJEY/s-l225.jpg";2)
=IMAGE("https://i.ebayimg.com/thumbs/images/m/mylY8m_Y40T3XdUwKRRdIUg/s-l225.jpg";2)
=IMAGE("https://i.ebayimg.com/thumbs/images/m/mIC8aaBv23cfqob4c_DoecA/s-l225.jpg";2)
=IMAGE("https://i.ebayimg.com/thumbs/images/g/APAAAOSwhiZae22P/s-l225.jpg";2)
=IMAGE("https://i.ebayimg.com/thumbs/images/m/mtv4rf6f6RRLweIUN8ganfg/s-l225.jpg";2)
=IMAGE("https://i.ebayimg.com/thumbs/images/g/MaoAAOSwlrBanfIC/s-l225.jpg";2)
=IMAGE("https://i.ebayimg.com/thumbs/images/g/ecAAAOSwKX9aoRSh/s-l225.jpg";2)
=IMAGE("https://i.ebayimg.com/thumbs/images/g/O4UAAMXQlgtSudJS/s-l225.jpg";2)
=IMAGE("https://i.ebayimg.com/thumbs/images/g/eM4AAOSwGstamstO/s-l225.jpg";2)
=IMAGE("https://i.ebayimg.com/thumbs/images/g/8IgAAOSwGvlamZgt/s-l225.jpg";2)
=IMAGE("https://i.ebayimg.com/thumbs/images/m/mvSFLap6MZaQPrcYb4gAxXw/s-l225.jpg";2)
=IMAGE("https://i.ebayimg.com/thumbs/images/m/m2h5zmISCMDA7dHf83iP7Tg/s-l225.jpg";2)
=IMAGE("https://i.ebayimg.com/thumbs/images/m/miAFUO-Ewa9xNhykb801J4Q/s-l225.jpg";2)
=IMAGE("https://i.ebayimg.com/thumbs/images/m/mpSkwLMDYROT-SanibiIYMA/s-l225.jpg";2)
=IMAGE("https://i.ebayimg.com/thumbs/images/g/v1QAAOSwXY5ZRAnN/s-l225.jpg";2)
=IMAGE("https://i.ebayimg.com/thumbs/images/g/LOMAAOSwNplalklN/s-l225.jpg";2)
=IMAGE("https://i.ebayimg.com/thumbs/images/m/mNqFX5pkNMkLXmAVCoUF2dg/s-l225.jpg";2)
=IMAGE("https://i.ebayimg.com/thumbs/images/m/medUNyTDzXg82VnfxJQDoIw/s-l225.jpg";2)
=IMAGE("https://i.ebayimg.com/thumbs/images/m/m5IHXTB8p7635LCqwu01voQ/s-l225.jpg";2)
=IMAGE("https://i.ebayimg.com/thumbs/images/m/m2zGgBjmScoSAW1nC6b68ng/s-l225.jpg";2)
=IMAGE("https://i.ebayimg.com/thumbs/images/g/gjgAAOSwLYhalutL/s-l225.jpg";2)
=IMAGE("https://i.ebayimg.com/thumbs/images/g/YNEAAOSwaOxZth89/s-l225.jpg";2)
=IMAGE("https://i.ebayimg.com/thumbs/images/g/grwAAOSw7J5ainRU/s-l225.jpg";2)
=IMAGE("https://i.ebayimg.com/thumbs/images/g/jf0AAOSw5i5apnFR/s-l225.jpg";2)
=IMAGE("https://i.ebayimg.com/thumbs/images/m/m2cGvOp3qmq-3z9DydXtu1Q/s-l225.jpg";2)
=IMAGE("https://i.ebayimg.com/thumbs/images/m/mfQ-XoVvVU16XcxSV9j90cg/s-l225.jpg";2)
=IMAGE("https://i.ebayimg.com/thumbs/images/m/mSD1P8FZFSiJfp4k9-pjT7w/s-l225.jpg";2)
=IMAGE("https://i.ebayimg.com/thumbs/images/g/XNUAAOSw~jJaoUez/s-l225.jpg";2)
=IMAGE("https://i.ebayimg.com/thumbs/images/m/msa81OzHpvkOqpKE4lrr8oA/s-l225.jpg";2)
=IMAGE("https://i.ebayimg.com/thumbs/images/m/mzlFvksDZvsKV-zhjqalWBg/s-l225.jpg";2)
=IMAGE("https://i.ebayimg.com/thumbs/images/m/mK10x90OfDWxrRdEI5kdJ8w/s-l225.jpg";2)
=IMAGE("https://i.ebayimg.com/thumbs/images/m/m0NluC26QwzrhhbH54MCNYg/s-l225.jpg";2)
=IMAGE("https://i.ebayimg.com/thumbs/images/g/3wwAAOSwa3BaI6gJ/s-l225.jpg";2)
=IMAGE("https://i.ebayimg.com/thumbs/images/m/m9vBuVA67VP6nOGTdc3Bb2A/s-l225.jpg";2)
=IMAGE("https://i.ebayimg.com/thumbs/images/g/CG8AAOSwMfhaa7yA/s-l225.jpg";2)
=IMAGE("https://i.ebayimg.com/thumbs/images/g/XM0AAOSwUwFaJXpg/s-l225.jpg";2)
=IMAGE("https://i.ebayimg.com/thumbs/images/m/mjCYvOpiwv8TSoTZaK9DltQ/s-l225.jpg";2)
=IMAGE("https://i.ebayimg.com/thumbs/images/m/mhAqDrqYcF25y2G0sX1BymQ/s-l225.jpg";2)
=IMAGE("https://i.ebayimg.com/thumbs/images/g/F-0AAOSwZKBZMsbZ/s-l225.jpg";2)
=IMAGE("https://i.ebayimg.com/thumbs/images/m/mHKWDbqBnRvf7f5yTS-yzrQ/s-l225.jpg";2)
=IMAGE("https://i.ebayimg.com/thumbs/images/g/b2sAAOSwEEBaA2cv/s-l225.jpg";2)
=IMAGE("https://i.ebayimg.com/thumbs/images/g/oO8AAOSwRN1akbbM/s-l225.jpg";2)
=IMAGE("https://i.ebayimg.com/thumbs/images/g/Z8wAAOSwMfhaakzn/s-l225.jpg";2)
=IMAGE("https://i.ebayimg.com/thumbs/images/m/mTcCKJqwuYKdbdxaDmGkfSQ/s-l225.jpg";2)
=IMAGE("https://i.ebayimg.com/thumbs/images/m/m_sh8VpVgk6z6E7o8UBdiQw/s-l225.jpg";2)
=IMAGE("https://i.ebayimg.com/thumbs/images/g/VdgAAOSw81dZuCQl/s-l225.jpg";2)
=IMAGE("https://i.ebayimg.com/thumbs/images/m/mzlFvksDZvsKV-zhjqalWBg/s-l225.jpg";2)
=IMAGE("https://i.ebayimg.com/thumbs/images/g/QhMAAOSwBOlacIA~/s-l225.jpg";2)
=IMAGE("https://i.ebayimg.com/thumbs/images/m/mDWDVtwcUcYUnnWwxrEHfgw/s-l225.jpg";2)
=IMAGE("https://i.ebayimg.com/thumbs/images/m/mQgGQOA2GlseV-COP9bp4rg/s-l225.jpg";2)
=IMAGE("https://i.ebayimg.com/thumbs/images/g/atoAAOSwfpBaXOAr/s-l225.jpg";2)
=IMAGE("https://i.ebayimg.com/thumbs/images/m/mqSG0raHQMg3BPBk0p_Jwpg/s-l225.jpg";2)
=IMAGE("https://i.ebayimg.com/thumbs/images/m/m2-5GDpUugGv9cvY6oP_G3A/s-l225.jpg";2)
=IMAGE("https://i.ebayimg.com/thumbs/images/g/dxwAAOSwZrZadNXd/s-l225.jpg";2)
=IMAGE("https://i.ebayimg.com/thumbs/images/g/MQ0AAOSwmphaDx80/s-l225.jpg";2)
=IMAGE("https://i.ebayimg.com/thumbs/images/g/AXgAAOSwV0RZkfb8/s-l225.jpg";2)
=IMAGE("https://i.ebayimg.com/thumbs/images/g/9d8AAOSwW9dZ1aWK/s-l225.jpg";2)
=IMAGE("https://i.ebayimg.com/thumbs/images/m/m_g3NfH89eBqapZk2pOeijQ/s-l225.jpg";2)
=IMAGE("https://i.ebayimg.com/thumbs/images/m/mHdbGxXcX3BgIuOSYpeE5tw/s-l225.jpg";2)
=IMAGE("https://i.ebayimg.com/thumbs/images/m/mXxFd7_gSxXiuqKKg35S7Zw/s-l225.jpg";2)
=IMAGE("https://i.ebayimg.com/thumbs/images/m/mHIaajsKcGujjtLCpoM1Q6Q/s-l225.jpg";2)
=IMAGE("https://i.ebayimg.com/thumbs/images/m/myAy4qnyE5Nra5LguQY0HMQ/s-l225.jpg";2)
=IMAGE("https://i.ebayimg.com/thumbs/images/g/1hQAAOSwZqZaHicr/s-l225.jpg";2)
=IMAGE("https://i.ebayimg.com/thumbs/images/m/ms0z1jA1KRyvayviEULmarg/s-l225.jpg";2)
=IMAGE("https://i.ebayimg.com/thumbs/images/m/mI-_SF2YzDIVTfLHDDyobIA/s-l225.jpg";2)
=IMAGE("https://i.ebayimg.com/thumbs/images/g/l9AAAOSwxrlapb7b/s-l225.jpg";2)
=IMAGE("https://i.ebayimg.com/thumbs/images/m/mS5wbkQPD4G6nhLxkkUtN0Q/s-l225.jpg";2)
=IMAGE("https://i.ebayimg.com/thumbs/images/m/m2YI6qRsgVyDKan2tYMiyvg/s-l225.jpg";2)
=IMAGE("https://i.ebayimg.com/thumbs/images/m/m09ruGp8cKVYekCtb1HJHGA/s-l225.jpg";2)
=IMAGE("https://i.ebayimg.com/thumbs/images/g/JcsAAOSwe6ZaiS6d/s-l225.jpg";2)
=IMAGE("https://i.ebayimg.com/thumbs/images/g/0jcAAOSwridaPDHH/s-l225.jpg";2)
=IMAGE("https://i.ebayimg.com/thumbs/images/m/m_C_G-hHPbhRNWRvFoQa73g/s-l225.jpg";2)
=IMAGE("https://i.ebayimg.com/thumbs/images/m/mWlH6tVv-7HEy0ZSNKV4eOA/s-l225.jpg";2)
=IMAGE("https://i.ebayimg.com/thumbs/images/g/NCgAAOSwndZahXFf/s-l225.jpg";2)
=IMAGE("https://i.ebayimg.com/thumbs/images/m/mlFN4fbERloM6ODDwDDRnZg/s-l225.jpg";2)
=IMAGE("https://i.ebayimg.com/thumbs/images/g/Et4AAOSwExlaa2ML/s-l225.jpg";2)
=IMAGE("https://i.ebayimg.com/thumbs/images/g/QWsAAOSwoBlaa2s8/s-l225.jpg";2)
=IMAGE("https://i.ebayimg.com/thumbs/images/m/mWha9p8_UlrPFt-QT5rG7OA/s-l225.jpg";2)
=IMAGE("https://i.ebayimg.com/thumbs/images/m/m3fxK3UuNfgLXJx87UimuNA/s-l225.jpg";2)
=IMAGE("https://i.ebayimg.com/thumbs/images/m/mBI-VPEUueqY900BwuzpZbg/s-l225.jpg";2)
=IMAGE("https://i.ebayimg.com/thumbs/images/m/mdj_ZtE3H9fOR8dON3zQ6Cg/s-l225.jpg";2)
=IMAGE("https://i.ebayimg.com/thumbs/images/g/zwMAAOSwjt5ae4Yd/s-l225.jpg";2)
=IMAGE("https://i.ebayimg.com/thumbs/images/g/P0wAAOSwzXxaQ-73/s-l225.jpg";2)
=IMAGE("https://i.ebayimg.com/thumbs/images/m/mg7W6skgDis-cYL7Ue8Wh9Q/s-l225.jpg";2)
=IMAGE("https://i.ebayimg.com/thumbs/images/m/m8sjwCoZkB6MWt-NL0HreXA/s-l225.jpg";2)
=IMAGE("https://i.ebayimg.com/thumbs/images/g/-EEAAOSwDVtabAeE/s-l225.jpg";2)
=IMAGE("https://i.ebayimg.com/thumbs/images/m/m-_X7OFrwuO1L4PTtvHTiSw/s-l225.jpg";2)
=IMAGE("https://i.ebayimg.com/thumbs/images/g/qSYAAOSwXY5ZWcGI/s-l225.jpg";2)
=IMAGE("https://i.ebayimg.com/thumbs/images/m/m7EiY2RrA584IFfdJy9huuQ/s-l225.jpg";2)
